subject,question,choices,answer
professional_law,"A shop owner domiciled in State A sued a distributor in a federal district court in State A for breach of a contract. The shop owner sought $100,000 in damages for allegedly defective goods that the distributor had provided under the contract. The distributor is incorporated in State B, with its principal place of business in State C. The distributor brought in as a third-party defendant the wholesaler that had provided the goods to the distributor, alleging that the wholesaler had a duty to indemnify the distributor for any damages recovered by the shop owner. The wholesaler is incorporated in State B, with its principal place of business in State A. The wholesaler has asserted a $60,000 counterclaim against the distributor for payment for the goods at issue, and the distributor has moved to dismiss the counterclaim for lack of subject-matter jurisdiction. Should the motion to dismiss be granted?","[""No, because the wholesaler's and the distributor's principal places of business are diverse.""
 ""No, because there is supplemental jurisdiction over the wholesaler's counterclaim.""
 'Yes, because there is no diversity of citizenship between the distributor and the wholesaler.'
 'Yes, because there is no diversity of citizenship between the shop owner and the wholesaler.']",1
high_school_us_history,"This question refers to the following information.
I come not to urge personal claims, nor to seek individual benefits; I appear as the advocate of those who cannot plead their own cause; I come as the friend of those who are deserted, oppressed, and desolate. In the Providence of God, I am the voice of the maniac whose piercing cries from the dreary dungeons of your jails penetrate not your Halls of Legislation. I am the Hope of the poor crazed beings who pine in the cells, and stalls, and cages, and waste rooms of your poor-houses. I am the Revelation of hundreds of wailing, suffering creatures, hidden in your private dwellings, and in pens and cabins—shut out, cut off from all healing influences, from all mind-restoring cares.… Could their melancholy histories be spread before you as revealed to my grieved spirit during the last three months, how promptly, how earnestly would you search out the most approved means of relief; how trifling, how insignificant, by comparison, would appear the sacrifices you are asked to make; how would a few dimes and dollars, gathered from each citizen, diminish in value as a possession, compared with the certain benefits and vast good to be secured for the suffering insane...by the consecration and application of a sufficient fund to the construction of a suitable hospital.…
—Dorothea Dix, Memorial Soliciting a State Hospital for the Protection and Cure of the Insane,
Submitted to the General Assembly of North Carolina, November 1848
Which of the following was a popular reform movement of the 1840s?","['The free coinage of silver' 'Regulation of big business'
 'The gay rights movement' 'The temperance movement']",3
conceptual_physics,Newton’s law of cooling applies to objects that,['cool' 'warm up' 'Both' 'Neither'],2
elementary_mathematics,Find the value of 6 • 24 ÷ (8 − 5).,['48' '13' '−13' '54'],0
professional_accounting,"While performing an audit of the financial statements of a company for the year ended December 31, year 1, the auditor notes that the company’s sales increased substantially in December, year 1, with a corresponding decrease in January, year 2. In assessing the risk of fraudulent financial reporting or misappropriation of assets, what should be the auditor’s initial indication about the potential for fraud in sales revenue?","['There is a broad indication of misappropriation of assets.'
 'There is an indication of theft of the entity’s assets.'
 'There is an indication of embezzling receipts.'
 'There is a broad indication of financial reporting fraud.']",3
